{
  "seeds": [
    {
      "seed": 1,
      "paths": {
        "train_csv": "logs\\baseline_fun\\seed_1\\train.csv",
        "eval_csv": "logs\\baseline_fun\\seed_1\\eval.csv",
        "summary_json": "logs\\baseline_fun\\seed_1\\summary.json"
      },
      "train": {
        "rows": 1000,
        "success_column": true,
        "success_total": 164,
        "success_rate": 0.164,
        "reward_column": "total_reward",
        "total_reward": {
          "min": 0.0,
          "max": 0.9424,
          "mean": 0.07708159999999999
        },
        "episode_length": {
          "min": 16.0,
          "max": 250.0,
          "mean": 233.144
        },
        "final_50_success_rate": 0.5,
        "final_50_mean_reward": 0.261536,
        "has_reward_signal_true": 164,
        "has_return_signal_true": 164,
        "nonzero_reward_fraction_mean": 0.0014995879105868088,
        "nonzero_return_fraction_mean": 0.164,
        "total_loss": {
          "min": -0.4943939447402954,
          "max": 1.7540276050567627,
          "mean": -0.0011037943109986372
        },
        "worker_loss": {
          "min": -0.5524119734764099,
          "max": 1.428708791732788,
          "mean": 0.007987306366325357
        },
        "value_loss": {
          "min": 1.2960032108821906e-05,
          "max": 0.5789552330970764,
          "mean": 0.017152447818440122
        },
        "manager_loss": {
          "min": 3.5172365642210934e-06,
          "max": 0.5803478956222534,
          "mean": 0.016727303909601688
        },
        "entropy_mean": {
          "min": 1.7607784271240234,
          "max": 1.9423414468765259,
          "mean": 1.9340055660009383
        },
        "grad_norm": {
          "min": 0.0009266118868254125,
          "max": 1.3118901252746582,
          "mean": 0.09020512095018057
        },
        "action_coverage": {
          "min": 0.8571428571428571,
          "max": 1.0,
          "mean": 0.9997142857142858
        },
        "final_goal_norm": {
          "min": 0.3493708074092865,
          "max": 2.6273257732391357,
          "mean": 0.5194738321304321
        },
        "values_mean": {
          "min": -0.01890154555439949,
          "max": 0.3188280165195465,
          "mean": 0.04288558176736024
        },
        "value_min": {
          "min": -0.040276795625686646,
          "max": 0.1244635283946991,
          "mean": 0.021209147688001393
        },
        "value_max": {
          "min": -0.01139754056930542,
          "max": 0.8545786142349243,
          "mean": 0.09517705758288503
        },
        "advantages_mean": {
          "min": -0.3188280165195465,
          "max": 0.7592028379440308,
          "mean": 0.004365537890990708
        },
        "advantages_abs_mean": {
          "min": 0.0031137496698647738,
          "max": 0.7592028379440308,
          "mean": 0.06835311366920359
        },
        "log_prob_mean": {
          "min": -1.9729328155517578,
          "max": -1.7178829908370972,
          "mean": -1.9337383466959
        },
        "log_prob_min": {
          "min": -4.036666393280029,
          "max": -2.05072021484375,
          "mean": -2.159352290391922
        },
        "log_prob_max": {
          "min": -1.7882394790649414,
          "max": -0.2636425495147705,
          "mean": -1.5713021911382674
        },
        "action_analysis": {
          "action_coverage": {
            "min": 0.8571428571428571,
            "max": 1.0,
            "mean": 0.9997142857142858
          },
          "histogram_rows_parsed": 1000,
          "total_action_counts": [
            30903,
            31131,
            43049,
            32226,
            31909,
            34228,
            29698
          ],
          "action_distribution": [
            0.13254898260302644,
            0.13352691898569125,
            0.18464554095323063,
            0.13822358713927874,
            0.1368639124318018,
            0.14681055485022132,
            0.12738050303674983
          ],
          "dominant_action": 2,
          "dominant_action_fraction": 0.18464554095323063,
          "mean_episode_dominant_fraction": 0.19528994637993285,
          "collapsed": false
        }
      },
      "eval": {
        "action_mode": "sample",
        "rows": 20,
        "best_success_rate": 0.4,
        "final_success_rate": 0.35,
        "best_mean_return": 0.16438000000000003,
        "final_mean_return": 0.12967999999999996,
        "final_mean_episode_length": 223.7,
        "ever_success_gt_zero": true
      },
      "summary": {
        "best_success_rate": 0.4,
        "final_eval": {
          "episode": 1000,
          "eval_success_rate": 0.5,
          "eval_mean_return": 0.26599999999999996,
          "eval_std_return": 0.3023950264141261,
          "eval_mean_episode_length": 190.0,
          "eval_std_episode_length": 72.08467243457515,
          "eval_episode_seeds": "2001,2002,2003,2004,2005,2006,2007,2008,2009,2010,2011,2012,2013,2014,2015,2016,2017,2018,2019,2020"
        },
        "best_checkpoint_path": "checkpoints\\baseline_fun\\seed_1\\best.pt",
        "last_checkpoint_path": "checkpoints\\baseline_fun\\seed_1\\last.pt",
        "final_episode_checkpoint_path": "checkpoints\\baseline_fun\\seed_1\\episode_1000.pt",
        "final_reward_moving_avg": 0.26794,
        "final_success_moving_avg": 0.55,
        "best_success": 1.0
      },
      "sample_evaluation": {
        "path": "logs\\baseline_fun\\seed_1\\checkpoint_eval_best_sample.json",
        "success_rate": 0.32,
        "mean_return": 0.127364,
        "mean_episode_length": 223.51,
        "episodes": 100,
        "checkpoint_episode": 950
      },
      "argmax_checkpoint_evaluation": {
        "path": "logs\\baseline_fun\\seed_1\\checkpoint_eval_best_argmax.json",
        "success_rate": 0.0,
        "mean_return": 0.0,
        "mean_episode_length": 250.0,
        "episodes": 100,
        "checkpoint_episode": 950
      }
    },
    {
      "seed": 11,
      "paths": {
        "train_csv": "logs\\baseline_fun\\seed_11\\train.csv",
        "eval_csv": "logs\\baseline_fun\\seed_11\\eval.csv",
        "summary_json": "logs\\baseline_fun\\seed_11\\summary.json"
      },
      "train": {
        "rows": 1000,
        "success_column": true,
        "success_total": 205,
        "success_rate": 0.205,
        "reward_column": "total_reward",
        "total_reward": {
          "min": 0.0,
          "max": 0.9532,
          "mean": 0.09205
        },
        "episode_length": {
          "min": 13.0,
          "max": 250.0,
          "mean": 230.125
        },
        "final_50_success_rate": 0.36,
        "final_50_mean_reward": 0.164592,
        "has_reward_signal_true": 205,
        "has_return_signal_true": 205,
        "nonzero_reward_fraction_mean": 0.0017330196292649105,
        "nonzero_return_fraction_mean": 0.205,
        "total_loss": {
          "min": -0.5046281814575195,
          "max": 1.7808218002319336,
          "mean": -0.0008117419604386669
        },
        "worker_loss": {
          "min": -0.5608953237533569,
          "max": 1.428015947341919,
          "mean": 0.00826837335311575
        },
        "value_loss": {
          "min": 6.129162102297414e-06,
          "max": 0.6067512631416321,
          "mean": 0.01717729532817157
        },
        "manager_loss": {
          "min": 1.9830395103781484e-05,
          "max": 0.684755265712738,
          "mean": 0.016722354893727243
        },
        "entropy_mean": {
          "min": 1.790526270866394,
          "max": 1.9438532590866089,
          "mean": 1.934099949002266
        },
        "grad_norm": {
          "min": 0.001196291414089501,
          "max": 1.306636095046997,
          "mean": 0.11134192839544267
        },
        "action_coverage": {
          "min": 0.8571428571428571,
          "max": 1.0,
          "mean": 0.9997142857142858
        },
        "final_goal_norm": {
          "min": 0.283084899187088,
          "max": 3.4570703506469727,